datetime,value,sensor_id,sensor_count,temp_c,humidity_pct,precip_mm,wind_speed_ms,wind_dir_deg,surface_pressure_hpa,lag_1h,lag_6h,lag_12h,lag_24h,roll_mean_3h,roll_mean_6h,roll_mean_24h,roll_mean_7d,roll_std_3h,roll_std_6h,roll_std_24h,hour,hour_sin,hour_cos,month,month_sin,month_cos,day_of_week,dow_sin,dow_cos,is_weekend,day_of_year,sensor_health_mean,sensor_health_min
2022-02-19 01:00:00+00:00,6.270909090909091,2000717.0,,18.0,40,0.0,5.9,191,986.2,6.241818181818181,6.763,5.348000000000001,4.9350000000000005,6.3103333333333325,6.360666666666667,5.224193181818182,5.224193181818182,0.0681842625823798,0.2087514530392613,0.9706102804061528,1,0.25881904510252074,0.9659258262890683,2,0.8660254037844386,0.5000000000000001,5,-0.9749279,-0.22252093,1,50,100,100
2022-02-19 02:00:00+00:00,6.127000000000001,2000717.0,,16.9,40,0.0,2.6,16,986.1,6.270909090909091,6.296363636363637,5.130909090909091,4.938000000000001,6.274575757575757,6.278651515151515,5.27985606060606,5.266061818181818,0.03473635451598338,0.06886399139820773,0.9913881403284012,2,0.49999999999999994,0.8660254037844387,2,0.8660254037844386,0.5000000000000001,5,-0.9749279,-0.22252093,1,50,100,100
2022-02-19 03:00:00+00:00,5.817272727272727,2000717.0,,14.7,44,0.0,7.0,21,986.3,6.127000000000001,6.173636363636363,4.204545454545454,6.327272727272727,6.213242424242424,6.250424242424242,5.329397727272727,5.299174825174825,0.07609130733752076,0.09123051661879454,1.003200150740221,3,0.7071067811865476,0.7071067811865476,2,0.8660254037844386,0.5000000000000001,5,-0.9749279,-0.22252093,1,50,100,100
2022-02-19 04:00:00+00:00,6.405454545454546,2000717.0,,13.8,40,0.0,6.5,6,986.4,5.817272727272727,6.378181818181818,5.452,4.740909090909091,6.071727272727273,6.1910303030303035,5.308147727272727,5.318363636363636,0.2318141354370394,0.20108359074851817,0.9864048131921704,4,0.8660254037844386,0.5000000000000001,2,0.8660254037844386,0.5000000000000001,5,-0.9749279,-0.22252093,1,50,100,100
2022-02-19 05:00:00+00:00,6.609,2000717.0,,12.8,35,0.0,5.4,352,986.5,6.405454545454546,6.311,5.71909090909091,4.558999999999999,6.116575757575759,6.1955757575757575,5.377503787878788,5.357188311688311,0.294229436719882,0.20639823231565801,1.003163447245486,5,0.9659258262890683,0.25881904510252074,2,0.8660254037844386,0.5000000000000001,5,-0.9749279,-0.22252093,1,50,100,100
2022-02-19 06:00:00+00:00,4.622727272727273,2000717.0,,12.2,32,0.0,6.2,350,986.5,6.609,6.241818181818181,6.258181818181819,4.471818181818182,6.2772424242424245,6.2452424242424245,5.462920454545454,5.400354231974922,0.4111408269854945,0.266757317925234,1.0176118472120972,6,1.0,6.123233995736766e-17,2,0.8660254037844386,0.5000000000000001,5,-0.9749279,-0.22252093,1,50,100,100
2022-02-19 07:00:00+00:00,5.068181818181818,2000717.0,,11.5,33,0.0,6.2,339,986.2,4.622727272727273,6.270909090909091,6.763,4.050909090909091,5.879060606060606,5.97539393939394,5.4692083333333334,5.374433333333333,1.0927661100847954,0.7143433062811253,1.0116704012195255,7,0.9659258262890683,-0.25881904510252063,2,0.8660254037844386,0.5000000000000001,5,-0.9749279,-0.22252093,1,50,100,100
2022-02-19 08:00:00+00:00,4.925,2000717.0,,10.6,35,0.0,6.9,332,985.9,5.068181818181818,6.127000000000001,6.296363636363637,4.144,5.433303030303031,5.774939393939394,5.511594696969698,5.364554252199413,1.0422595460980444,0.7805183246384544,0.9701210603353537,8,0.8660254037844387,-0.4999999999999998,2,0.8660254037844386,0.5000000000000001,5,-0.9749279,-0.22252093,1,50,100,100
2022-02-19 09:00:00+00:00,4.304545454545455,2000717.0,,9.9,37,0.0,7.4,337,985.5,4.925,5.817272727272727,6.173636363636363,3.7536363636363634,4.871969696969697,5.574606060606061,5.544136363636363,5.350818181818182,0.2274128356011153,0.8250689561298187,0.934704442728778,9,0.7071067811865476,-0.7071067811865475,2,0.8660254037844386,0.5000000000000001,5,-0.9749279,-0.22252093,1,50,100,100
2022-02-19 10:00:00+00:00,3.928181818181818,2000717.0,,9.2,40,0.0,7.1,345,985.2,4.304545454545455,6.405454545454546,6.378181818181818,3.707,4.765909090909091,5.322484848484849,5.567090909090909,5.319112947658402,0.4059157079782303,0.9567099989226476,0.8947313076158013,10,0.49999999999999994,-0.8660254037844387,2,0.8660254037844386,0.5000000000000001,5,-0.9749279,-0.22252093,1,50,100,100
2022-02-19 11:00:00+00:00,3.7920000000000003,2000717.0,,9.1,40,0.0,7.1,345,984.8,3.928181818181818,6.609,6.311,3.9745454545454546,4.385909090909091,4.909606060606061,5.576306818181819,5.27820320855615,0.5033653274636218,0.9300445500156335,0.8756751686231744,11,0.258819045102521,-0.9659258262890682,2,0.8660254037844386,0.5000000000000001,5,-0.9749279,-0.22252093,1,50,100,100
2022-02-19 12:00:00+00:00,3.838181818181818,2000717.0,,10.1,35,0.0,7.1,345,984.3,3.7920000000000003,4.622727272727273,6.241818181818181,5.501818181818181,4.008242424242424,4.440106060606061,5.568700757575758,5.235740259740259,0.26548632022364804,0.5221946706973326,0.8908541071518764,12,1.2246467991473532e-16,-1.0,2,0.8660254037844386,0.5000000000000001,5,-0.9749279,-0.22252093,1,50,100,100
2022-02-19 13:00:00+00:00,3.539090909090909,2000717.0,,10.8,32,0.0,7.4,346,984.3,3.838181818181818,5.068181818181818,6.270909090909091,5.348000000000001,3.852787878787879,4.309348484848485,5.499382575757576,5.196919191919192,0.06925586369142969,0.563881795293459,0.9584449860151126,13,-0.2588190451025208,-0.9659258262890683,2,0.8660254037844386,0.5000000000000001,5,-0.9749279,-0.22252093,1,50,100,100
2022-02-19 14:00:00+00:00,3.3609999999999998,2000717.0,,10.6,32,0.0,7.8,347,984.4,3.539090909090909,4.925,6.127000000000001,5.130909090909091,3.723090909090909,4.0545,5.424011363636364,5.1521130221130225,0.16101301215319028,0.493476564625643,1.0386377629703163,14,-0.4999999999999997,-0.8660254037844388,2,0.8660254037844386,0.5000000000000001,5,-0.9749279,-0.22252093,1,50,100,100
2022-02-19 15:00:00+00:00,3.2509090909090905,2000717.0,,10.6,32,0.0,7.3,351,984.6,3.3609999999999998,4.304545454545455,5.817272727272727,4.204545454545454,3.579424242424242,3.7938333333333336,5.350265151515152,5.104978468899521,0.24113420585673614,0.32652256660358925,1.120001089175034,15,-0.7071067811865471,-0.7071067811865479,2,0.8660254037844386,0.5000000000000001,5,-0.9749279,-0.22252093,1,50,100,100
2022-02-19 16:00:00+00:00,4.289090909090909,2000717.0,,13.6,28,0.0,8.6,360,985.3,3.2509090909090905,3.928181818181818,6.405454545454546,5.452,3.3836666666666666,3.6182272727272724,5.310530303030303,5.057438228438229,0.1454218808019529,0.27640544988710364,1.1778385835205938,16,-0.8660254037844385,-0.5000000000000004,2,0.8660254037844386,0.5000000000000001,5,-0.9749279,-0.22252093,1,50,100,100
2022-02-19 17:00:00+00:00,4.979,2000717.0,,17.5,24,0.0,5.4,8,986.0,4.289090909090909,3.7920000000000003,6.609,5.71909090909091,3.6336666666666666,3.678378787878788,5.262075757575758,5.038229545454546,0.5702768671743217,0.37796212332280815,1.1955526699435595,17,-0.9659258262890683,-0.25881904510252063,2,0.8660254037844386,0.5000000000000001,5,-0.9749279,-0.22252093,1,50,100,100
2022-02-19 18:00:00+00:00,5.250909090909091,2000717.0,,20.5,18,0.0,3.8,49,985.9,4.979,3.838181818181818,4.622727272727273,6.258181818181819,4.173,3.8762121212121206,5.231238636363637,5.036784922394678,0.8698749173880261,0.6569862135908959,1.1927937438736012,18,-1.0,-1.8369701987210297e-16,2,0.8660254037844386,0.5000000000000001,5,-0.9749279,-0.22252093,1,50,100,100
2022-02-19 19:00:00+00:00,5.621818181818181,2000717.0,,22.4,17,0.0,2.5,135,985.6,5.250909090909091,3.539090909090909,5.068181818181818,6.763,4.839666666666667,4.111666666666667,5.18926893939394,5.041883116883117,0.49581638441295944,0.8618430043733856,1.172639326137962,19,-0.9659258262890684,0.2588190451025203,2,0.8660254037844386,0.5000000000000001,5,-0.9749279,-0.22252093,1,50,100,100
2022-02-19 20:00:00+00:00,5.485,2000717.0,,23.2,18,0.0,5.5,157,985.0,5.621818181818181,3.3609999999999998,4.925,6.296363636363637,5.283909090909091,4.458787878787878,5.141719696969697,5.055369978858351,0.32267716640476013,0.9943462783216588,1.1283523157935702,20,-0.8660254037844386,0.5000000000000001,2,0.8660254037844386,0.5000000000000001,5,-0.9749279,-0.22252093,1,50,100,100
2022-02-19 21:00:00+00:00,5.7272727272727275,2000717.0,,23.4,19,0.0,7.3,160,984.0,5.485,3.2509090909090905,4.304545454545455,6.173636363636363,5.452575757575758,4.812787878787879,5.107912878787879,5.065134297520661,0.1875683530138769,0.8988547932752812,1.1041487953748912,21,-0.7071067811865477,0.7071067811865474,2,0.8660254037844386,0.5000000000000001,5,-0.9749279,-0.22252093,1,50,100,100
2022-02-19 22:00:00+00:00,5.585454545454545,2000717.0,,23.4,20,0.0,8.4,155,983.0,5.7272727272727275,4.289090909090909,3.928181818181818,6.378181818181818,5.611363636363637,5.225515151515151,5.089314393939394,5.079848484848485,0.12147424309512554,0.5318748117997336,1.0890734658408872,22,-0.5000000000000004,0.8660254037844384,2,0.8660254037844386,0.5000000000000001,5,-0.9749279,-0.22252093,1,50,100,100
2022-02-19 23:00:00+00:00,5.3950000000000005,2000717.0,,22.8,23,0.0,9.6,167,982.6,5.585454545454545,4.979,3.7920000000000003,6.311,5.599242424242424,5.441575757575758,5.056284090909091,5.090839920948617,0.12172344801286133,0.27821824875337803,1.0599149906971272,23,-0.25881904510252157,0.9659258262890681,2,0.8660254037844386,0.5000000000000001,5,-0.9749279,-0.22252093,1,50,100,100
2022-02-20 00:00:00+00:00,6.419090909090909,2000717.0,,20.9,31,0.0,6.6,221,982.0,5.3950000000000005,5.250909090909091,3.838181818181818,6.241818181818181,5.569242424242425,5.510909090909091,5.0181174242424245,5.097311411992263,0.16672856977122386,0.17110071462579132,1.028804939902986,0,0.0,1.0,2,0.8660254037844386,0.5000000000000001,6,-0.7818315,0.6234898,1,51,100,100
2022-02-20 01:00:00+00:00,6.387272727272728,2000717.0,,19.1,36,0.0,5.8,300,981.7,6.419090909090909,5.621818181818181,3.539090909090909,6.270909090909091,5.799848484848485,5.705606060606061,5.0255037878787885,5.124848484848485,0.5446688153890368,0.36773088734785647,1.0385626493173499,1,0.25881904510252074,0.9659258262890683,2,0.8660254037844386,0.5000000000000001,6,-0.7818315,0.6234898,1,51,100,100
2022-02-20 02:00:00+00:00,5.78,2000717.0,,16.7,36,0.0,8.3,326,981.3,6.387272727272728,5.485,3.3609999999999998,6.127000000000001,6.067121212121212,5.833181818181818,5.0303522727272725,5.150612244897959,0.5822914150243119,0.45521986332643805,1.0448819519129158,2,0.49999999999999994,0.8660254037844387,2,0.8660254037844386,0.5000000000000001,6,-0.7818315,0.6234898,1,51,100,100
2022-02-20 03:00:00+00:00,5.574,2000717.0,,14.8,40,0.0,10.1,333,981.4,5.78,5.7272727272727275,3.2509090909090905,5.817272727272727,6.195454545454545,5.882348484848485,5.01589393939394,5.163200000000001,0.3601457464384138,0.4250221595260094,1.0313608398315095,3,0.7071067811865476,0.7071067811865476,2,0.8660254037844386,0.5000000000000001,6,-0.7818315,0.6234898,1,51,100,100
2022-02-20 04:00:00+00:00,5.319999999999999,2000717.0,,13.1,47,0.0,9.6,347,981.0,5.574,5.585454545454545,4.289090909090909,6.405454545454546,5.913757575757576,5.8568030303030305,5.005757575757575,5.171254901960784,0.42281372853280114,0.44053014799757395,1.024313719287417,4,0.8660254037844386,0.5000000000000001,2,0.8660254037844386,0.5000000000000001,6,-0.7818315,0.6234898,1,51,100,100
2022-02-20 05:00:00+00:00,9.403636363636364,2000717.0,,12.1,52,0.0,8.9,346,981.1,5.319999999999999,5.3950000000000005,4.979,6.609,5.558,5.8125606060606065,4.9605303030303025,5.1741153846153844,0.2304170132607331,0.48437943741857825,0.9829532308398224,5,0.9659258262890683,0.25881904510252074,2,0.8660254037844386,0.5000000000000001,6,-0.7818315,0.6234898,1,51,100,100
2022-02-20 06:00:00+00:00,5.232,2000717.0,,12.1,55,0.0,4.5,346,981.3,9.403636363636364,6.419090909090909,5.250909090909091,4.622727272727273,6.765878787878788,6.480666666666667,5.076973484848485,5.253917667238422,2.287892648563272,1.497757736389499,1.3008501403544523,6,1.0,6.123233995736766e-17,2,0.8660254037844386,0.5000000000000001,6,-0.7818315,0.6234898,1,51,100,100
2022-02-20 07:00:00+00:00,6.434545454545455,2000717.0,,11.8,62,0.0,5.6,50,981.6,5.232,6.387272727272728,5.621818181818181,5.068181818181818,6.651878787878789,6.282818181818182,5.1023598484848485,5.253511784511784,2.3834981260333326,1.583471118609705,1.297540841216147,7,0.9659258262890683,-0.25881904510252063,2,0.8660254037844386,0.5000000000000001,6,-0.7818315,0.6234898,1,51,100,100
2022-02-20 08:00:00+00:00,6.424545454545455,2000717.0,,10.6,72,0.0,5.1,82,981.8,6.434545454545455,5.78,5.485,4.925,7.023393939393941,6.29069696969697,5.159291666666667,5.274985123966942,2.147252754378155,1.5842122256053865,1.3256473755912261,8,0.8660254037844387,-0.4999999999999998,2,0.8660254037844386,0.5000000000000001,6,-0.7818315,0.6234898,1,51,100,100
2022-02-20 09:00:00+00:00,6.455,2000717.0,,9.4,82,0.0,6.7,54,981.5,6.424545454545455,5.574,5.7272727272727275,4.304545454545455,6.030363636363638,6.398121212121212,5.221772727272728,5.2955129870129864,0.6914212694883098,1.5643852526576623,1.3492529906471917,9,0.7071067811865476,-0.7071067811865475,2,0.8660254037844386,0.5000000000000001,6,-0.7818315,0.6234898,1,51,100,100
2022-02-20 10:00:00+00:00,5.983636363636363,2000717.0,,9.1,82,0.0,7.9,47,981.1,6.455,5.319999999999999,5.585454545454545,3.928181818181818,6.438030303030303,6.544954545454545,5.311375,5.3158548644338115,0.01552346486555111,1.5120320996089758,1.3570745642167392,10,0.49999999999999994,-0.8660254037844387,2,0.8660254037844386,0.5000000000000001,6,-0.7818315,0.6234898,1,51,100,100
2022-02-20 11:00:00+00:00,7.1881818181818184,2000717.0,,12.1,67,0.0,5.4,37,981.2,5.983636363636363,9.403636363636364,5.3950000000000005,3.7920000000000003,6.287727272727274,6.6555606060606065,5.397018939393939,5.327368338557994,0.26379031555103033,1.426349719402139,1.330587583734037,11,0.258819045102521,-0.9659258262890682,2,0.8660254037844386,0.5000000000000001,6,-0.7818315,0.6234898,1,51,100,100
2022-02-20 12:00:00+00:00,8.620000000000001,2000717.0,,11.4,67,0.0,6.0,33,980.5,7.1881818181818184,5.232,6.419090909090909,3.838181818181818,6.542272727272728,6.2863181818181815,5.538526515151514,5.358907550077041,0.6069965689447868,0.6459245759771298,1.3330620116747363,12,1.2246467991473532e-16,-1.0,2,0.8660254037844386,0.5000000000000001,6,-0.7818315,0.6234898,1,51,100,100
2022-02-20 13:00:00+00:00,8.012727272727274,2000717.0,,9.7,75,0.0,6.5,84,980.4,8.620000000000001,6.434545454545455,6.387272727272728,3.539090909090909,7.2639393939393955,6.850984848484849,5.737768939393939,5.413259090909091,1.3198135146673649,0.9494720767447025,1.4222427974520309,13,-0.2588190451025208,-0.9659258262890683,2,0.8660254037844386,0.5000000000000001,6,-0.7818315,0.6234898,1,51,100,100
2022-02-20 14:00:00+00:00,7.318181818181818,2000717.0,,9.9,81,0.0,4.7,90,980.8,8.012727272727274,6.424545454545455,5.78,3.3609999999999998,7.940303030303032,7.114015151515152,5.924170454545455,5.455873323397913,0.718651361658992,1.026508662620658,1.4146926684810521,14,-0.4999999999999997,-0.8660254037844388,2,0.8660254037844386,0.5000000000000001,6,-0.7818315,0.6234898,1,51,100,100
2022-02-20 15:00:00+00:00,9.235,2000717.0,,10.0,83,0.0,4.0,63,981.1,7.318181818181818,6.455,5.574,3.2509090909090905,7.983636363636365,7.262954545454545,6.08905303030303,5.48591055718475,0.6513964655813688,0.9697234738328596,1.331101661028132,15,-0.7071067811865471,-0.7071067811865479,2,0.8660254037844386,0.5000000000000001,6,-0.7818315,0.6234898,1,51,100,100
2022-02-20 16:00:00+00:00,12.445454545454545,2000717.0,,10.9,81,0.0,4.2,70,981.4,9.235,5.983636363636363,5.319999999999999,4.289090909090909,8.188636363636364,7.726287878787879,6.338390151515152,5.545419913419913,0.9704411325451606,1.1532496814756457,1.3368033391004925,16,-0.8660254037844385,-0.5000000000000004,2,0.8660254037844386,0.5000000000000001,6,-0.7818315,0.6234898,1,51,100,100
2022-02-20 17:00:00+00:00,12.362727272727273,2000717.0,,13.1,68,0.0,3.3,84,982.0,12.445454545454545,7.1881818181818184,9.403636363636364,4.979,9.666212121212121,8.803257575757577,6.678238636363637,5.653232954545454,2.590692827231524,1.9454789381789908,1.762245025083499,17,-0.9659258262890683,-0.25881904510252063,2,0.8660254037844386,0.5000000000000001,6,-0.7818315,0.6234898,1,51,100,100
2022-02-20 18:00:00+00:00,10.382000000000001,2000717.0,,15.4,55,0.0,5.4,132,981.8,12.362727272727273,8.620000000000001,5.232,5.250909090909091,11.347727272727274,9.665681818181818,6.985893939393939,5.7564559440559435,1.830142985426941,2.2146396037234015,2.0702974940182304,18,-1.0,-1.8369701987210297e-16,2,0.8660254037844386,0.5000000000000001,6,-0.7818315,0.6234898,1,51,100,100
2022-02-20 19:00:00+00:00,10.702727272727273,2000717.0,,16.8,53,0.0,6.8,155,981.4,10.382000000000001,8.012727272727274,6.434545454545455,5.621818181818181,11.73006060606061,9.959348484848485,7.199689393939394,5.8265399449035815,1.1681872703563347,2.164502874932779,2.1468621131191514,19,-0.9659258262890684,0.2588190451025203,2,0.8660254037844386,0.5000000000000001,6,-0.7818315,0.6234898,1,51,100,100
2022-02-20 20:00:00+00:00,12.488181818181818,2000717.0,,17.6,53,0.0,8.1,167,980.9,10.702727272727273,7.318181818181818,6.424545454545455,5.485,11.149151515151516,10.40768181818182,7.41139393939394,5.899318860244233,1.0631514875122192,1.9484673304976161,2.233279268754931,20,-0.8660254037844386,0.5000000000000001,2,0.8660254037844386,0.5000000000000001,6,-0.7818315,0.6234898,1,51,100,100
2022-02-20 21:00:00+00:00,8.767999999999999,2000717.0,,17.5,58,0.0,9.7,176,980.3,12.488181818181818,9.235,6.455,5.7272727272727275,11.190969696969697,11.269348484848486,7.703193181818182,5.996213903743316,1.1348065744577365,1.3646448639419588,2.420317919551353,21,-0.7071067811865477,0.7071067811865474,2,0.8660254037844386,0.5000000000000001,6,-0.7818315,0.6234898,1,51,100,100
2022-02-20 22:00:00+00:00,7.700909090909092,2000717.0,,16.8,55,0.0,10.5,186,979.8,8.767999999999999,12.445454545454545,5.983636363636363,5.585454545454545,10.652969696969699,11.191515151515153,7.829890151515151,6.0363847167325435,1.8605899742666554,1.5095098768539186,2.391805704223211,22,-0.5000000000000004,0.8660254037844384,2,0.8660254037844386,0.5000000000000001,6,-0.7818315,0.6234898,1,51,100,100
2022-02-20 23:00:00+00:00,7.883636363636364,2000717.0,,16.0,55,0.0,9.7,202,979.4,7.700909090909092,12.362727272727273,7.1881818181818184,5.3950000000000005,9.652363636363637,10.400757575757575,7.918034090909091,6.060163636363637,2.513179126587287,1.9106690841983265,2.3439985767761216,23,-0.25881904510252157,0.9659258262890681,2,0.8660254037844386,0.5000000000000001,6,-0.7818315,0.6234898,1,51,100,100
2022-02-21 00:00:00+00:00,8.138181818181819,2000717.0,,14.6,64,0.0,7.1,204,979.1,7.883636363636364,10.382000000000001,8.620000000000001,6.419090909090909,8.117515151515152,9.654242424242424,8.021727272727274,6.085846350832266,0.5706971330143813,1.865269236469065,2.281751826035476,0,0.0,1.0,2,0.8660254037844386,0.5000000000000001,0,0.0,1.0,0,52,100,100
2022-02-21 01:00:00+00:00,8.8,2000717.0,,13.7,71,0.0,6.2,187,978.9,8.138181818181819,10.702727272727273,8.012727272727274,6.387272727272728,7.907575757575759,9.28027272727273,8.09335606060606,6.11435101010101,0.21961712237608366,1.914462602886571,2.2560930451076264,1,0.25881904510252074,0.9659258262890683,2,0.8660254037844386,0.5000000000000001,0,0.0,1.0,0,52,100,100
2022-02-21 02:00:00+00:00,10.151818181818182,2000717.0,,11.9,83,0.0,4.7,157,979.0,8.8,12.488181818181818,7.318181818181818,5.78,8.273939393939395,8.963151515151516,8.193886363636365,6.151140722291407,0.4730255469253858,1.7849215707627302,2.2303738930186094,2,0.49999999999999994,0.8660254037844387,2,0.8660254037844386,0.5000000000000001,0,0.0,1.0,0,52,100,100
2022-02-21 03:00:00+00:00,12.813636363636363,2000717.0,,11.0,91,0.0,3.9,146,979.5,10.151818181818182,8.767999999999999,9.235,5.574,9.030000000000001,8.573757575757575,8.376045454545455,6.205203931203932,1.0263322323885473,0.8952149502563749,2.2030151311291926,3,0.7071067811865476,0.7071067811865476,2,0.8660254037844386,0.5000000000000001,0,0.0,1.0,0,52,100,100
2022-02-21 04:00:00+00:00,13.512,2000717.0,,10.3,96,0.0,4.6,135,979.7,12.813636363636363,7.700909090909092,12.445454545454545,5.319999999999999,10.588484848484848,9.248030303030303,8.677696969696969,6.293316363636364,2.0421379846154775,1.9605116060803471,2.296332117250828,4,0.8660254037844386,0.5000000000000001,2,0.8660254037844386,0.5000000000000001,0,0.0,1.0,0,52,100,100
2022-02-21 05:00:00+00:00,12.935454545454546,2000717.0,,9.8,98,0.0,4.1,128,979.9,13.512,7.883636363636364,12.362727272727273,9.403636363636364,12.159151515151516,10.216545454545454,9.019030303030304,6.388299043062202,1.7731238748271667,2.423953494903425,2.3827496138625093,5,0.9659258262890683,0.25881904510252074,2,0.8660254037844386,0.5000000000000001,0,0.0,1.0,0,52,100,100
2022-02-21 06:00:00+00:00,9.867272727272727,2000717.0,,9.7,99,0.0,4.8,132,980.1,12.935454545454546,8.138181818181819,10.382000000000001,5.232,13.087030303030303,11.058515151515152,9.166189393939394,6.4733270365997635,0.3730406812430515,2.3269841736360384,2.513036613569375,6,1.0,6.123233995736766e-17,2,0.8660254037844386,0.5000000000000001,0,0.0,1.0,0,52,100,100
2022-02-21 07:00:00+00:00,9.192,2000717.0,,9.6,98,0.0,5.2,146,979.9,9.867272727272727,8.8,10.702727272727273,6.434545454545455,12.104909090909091,11.34669696969697,9.359325757575759,6.516839160839161,1.959174197765501,1.9731546262427944,2.371676635155791,7,0.9659258262890683,-0.25881904510252063,2,0.8660254037844386,0.5000000000000001,0,0.0,1.0,0,52,100,100
2022-02-21 08:00:00+00:00,9.962727272727273,2000717.0,,9.2,99,0.1,3.8,131,979.7,9.192,10.151818181818182,12.488181818181818,6.424545454545455,10.664909090909092,11.412030303030305,9.474219696969696,6.550701956271577,1.9951267653754106,1.8760670992481916,2.289184349641828,8,0.8660254037844387,-0.4999999999999998,2,0.8660254037844386,0.5000000000000001,0,0.0,1.0,0,52,100,100
2022-02-21 09:00:00+00:00,10.162727272727272,2000717.0,,9.3,99,0.0,4.5,119,979.8,9.962727272727273,12.813636363636363,8.767999999999999,6.455,9.674000000000001,11.38051515151515,9.62164393939394,6.593352272727273,0.42014389506687105,1.9028675339577936,2.19629042572875,9,0.7071067811865476,-0.7071067811865475,2,0.8660254037844386,0.5000000000000001,0,0.0,1.0,0,52,100,100
2022-02-21 10:00:00+00:00,9.521,2000717.0,,9.1,99,0.1,6.3,114,979.3,10.162727272727272,13.512,7.700909090909092,5.983636363636363,9.772484848484849,10.93869696969697,9.776132575757575,6.637418630751964,0.5125641369529649,1.8090038879633865,2.0917773095139185,10,0.49999999999999994,-0.8660254037844387,2,0.8660254037844386,0.5000000000000001,0,0.0,1.0,0,52,100,100
2022-02-21 11:00:00+00:00,9.072727272727272,2000717.0,,8.9,98,0.1,4.6,108,978.8,9.521,12.935454545454546,7.883636363636364,7.1881818181818184,9.882151515151516,10.273530303030302,9.923522727272728,6.672584257206208,0.32836384190735357,1.3487602736430067,1.931410114957336,11,0.258819045102521,-0.9659258262890682,2,0.8660254037844386,0.5000000000000001,0,0.0,1.0,0,52,100,100
2022-02-21 12:00:00+00:00,8.11,2000717.0,,9.2,96,0.0,6.8,148,979.1,9.072727272727272,9.867272727272727,8.138181818181819,8.620000000000001,9.585484848484848,9.629742424242425,10.002045454545454,6.701501642935378,0.5478537412148092,0.43933623267872635,1.8520460965649919,12,1.2246467991473532e-16,-1.0,2,0.8660254037844386,0.5000000000000001,0,0.0,1.0,0,52,100,100
2022-02-21 13:00:00+00:00,7.9239999999999995,2000717.0,,9.4,93,0.1,4.6,129,979.0,8.11,9.192,8.8,8.012727272727274,8.901242424242426,9.336863636363637,9.980795454545456,6.7182694805194805,0.7209615384643443,0.7353380326856712,1.8714173653314414,13,-0.2588190451025208,-0.9659258262890683,2,0.8660254037844386,0.5000000000000001,0,0.0,1.0,0,52,100,100
2022-02-21 14:00:00+00:00,8.064,2000717.0,,8.9,93,0.0,4.1,105,979.0,7.9239999999999995,9.962727272727273,10.151818181818182,7.318181818181818,8.368909090909092,9.125530303030303,9.977098484848485,6.732454545454545,0.6165784822659262,0.9392377363289534,1.8755573678543025,14,-0.4999999999999997,-0.8660254037844388,2,0.8660254037844386,0.5000000000000001,0,0.0,1.0,0,52,100,100
2022-02-21 15:00:00+00:00,8.367,2000717.0,,9.4,91,0.1,5.1,94,979.3,8.064,10.162727272727272,12.813636363636363,9.235,8.03266666666667,8.809075757575757,10.008174242424243,6.747937632135306,0.09687793006301466,0.9204264847200389,1.835334186250166,15,-0.7071067811865471,-0.7071067811865479,2,0.8660254037844386,0.5000000000000001,0,0.0,1.0,0,52,100,100
2022-02-21 16:00:00+00:00,7.913636363636363,2000717.0,,10.2,88,0.2,9.6,124,979.6,8.367,9.521,13.512,12.445454545454545,8.118333333333334,8.50978787878788,9.972007575757576,6.7665475444096135,0.22644278158796727,0.6421127180641318,1.8596241795192252,16,-0.8660254037844385,-0.5000000000000004,2,0.8660254037844386,0.5000000000000001,0,0.0,1.0,0,52,100,100
2022-02-21 17:00:00+00:00,7.517272727272727,2000717.0,,10.8,87,0.7,10.1,145,979.8,7.913636363636363,9.072727272727272,12.935454545454546,12.362727272727273,8.114878787878789,8.24189393939394,9.783181818181818,6.779582644628099,0.230924522271214,0.439041549707004,1.8273510904872963,17,-0.9659258262890683,-0.25881904510252063,2,0.8660254037844386,0.5000000000000001,0,0.0,1.0,0,52,100,100
2022-02-21 18:00:00+00:00,7.906000000000001,2000717.0,,12.1,78,0.9,7.9,196,979.9,7.517272727272727,8.11,9.867272727272727,10.382000000000001,7.932636363636365,7.982651515151514,9.58128787878788,6.787871297242083,0.42518214861879206,0.28119014134970555,1.7973881719060631,18,-1.0,-1.8369701987210297e-16,2,0.8660254037844386,0.5000000000000001,0,0.0,1.0,0,52,100,100
2022-02-21 19:00:00+00:00,6.6481818181818175,2000717.0,,13.2,68,0.2,8.7,222,979.8,7.906000000000001,7.9239999999999995,9.192,10.702727272727273,7.778969696969699,7.948651515151514,9.478121212121213,6.80029494949495,0.226668384371943,0.2749768339853939,1.820342854003187,19,-0.9659258262890684,0.2588190451025203,2,0.8660254037844386,0.5000000000000001,0,0.0,1.0,0,52,100,100
2022-02-21 20:00:00+00:00,6.369999999999999,2000717.0,,13.9,57,0.0,8.4,230,979.5,6.6481818181818175,8.064,9.962727272727273,12.488181818181818,7.357151515151515,7.736015151515151,9.309181818181818,6.798623376623377,0.6440153309948651,0.5995647909671425,1.8886138344284833,20,-0.8660254037844386,0.5000000000000001,2,0.8660254037844386,0.5000000000000001,0,0.0,1.0,0,52,100,100
2022-02-21 21:00:00+00:00,6.3340000000000005,2000717.0,,14.1,51,0.0,9.5,245,979.2,6.369999999999999,8.367,10.162727272727272,8.767999999999999,6.974727272727274,7.453681818181817,9.054257575757577,6.793964426877471,0.8184118464521207,0.7845432250047194,1.8534445823220256,21,-0.7071067811865477,0.7071067811865474,2,0.8660254037844386,0.5000000000000001,0,0.0,1.0,0,52,100,100
2022-02-21 22:00:00+00:00,6.328181818181818,2000717.0,,14.1,48,0.0,11.0,251,979.0,6.3340000000000005,7.913636363636363,9.521,7.700909090909092,6.450727272727273,7.114848484848484,8.95284090909091,6.789018572825024,0.17194540744210893,0.7494303790966341,1.9346038417758051,22,-0.5000000000000004,0.8660254037844384,2,0.8660254037844386,0.5000000000000001,0,0.0,1.0,0,52,100,100
2022-02-21 23:00:00+00:00,6.2542857142857144,2000717.0,,13.9,49,0.0,12.0,249,978.9,6.328181818181818,7.517272727272727,9.072727272727272,7.883636363636364,6.344060606060606,6.850606060606061,8.89564393939394,6.784116054158607,0.02265175331646508,0.6884863807067709,1.9926484756420833,23,-0.25881904510252157,0.9659258262890681,2,0.8660254037844386,0.5000000000000001,0,0.0,1.0,0,52,100,100
